{
  "cases": [
    {
      "arrow_batch_path": {
        "accepted_row_dataclasses_avoided": true,
        "accepted_row_dataclasses_materialized": 0,
        "audit_hash": "5768d4563b9763a47ed9f1c691feff9625455e58dcb4862d723e5468c8cdb7f5",
        "handoff_hash_present": true,
        "pairwise_evidence": {
          "materialized_count": 0,
          "omitted_count": 260280,
          "total_count": 260280
        },
        "result_hash": "c80dd9eabdd828c8f7b0672954911155bb8b1d2185640239bc84dd511e88fd08",
        "timings_seconds": {
          "audit_result_materialization": 0.0011868749861605465,
          "batch_construction": 0.06436483401921578,
          "handoff_normalization": 0.0015581670159008354,
          "synthetic_arrow_table_construction": 0.018966542003909126,
          "weighting_factor_grid_aggregation_and_result": 1.2815544589830097
        },
        "tracemalloc_peak_bytes": 5571371
      },
      "capital_delta_abs": 0.0,
      "label": "girr_vega",
      "raw_row_count": 720,
      "regulatory_factor_count": 60,
      "risk_class": "GIRR",
      "risk_measure": "VEGA",
      "row_compatibility_path": {
        "audit_hash": "5768d4563b9763a47ed9f1c691feff9625455e58dcb4862d723e5468c8cdb7f5",
        "materialized_dataclass_count": 720,
        "pairwise_evidence": {
          "materialized_count": 0,
          "omitted_count": 260280,
          "total_count": 260280
        },
        "result_hash": "c80dd9eabdd828c8f7b0672954911155bb8b1d2185640239bc84dd511e88fd08",
        "timings_seconds": {
          "audit_result_materialization": 0.0013465830124914646,
          "capital_calculation": 1.475339750002604,
          "row_dataclass_construction": 0.007857374992454425
        },
        "tracemalloc_peak_bytes": 5504663
      },
      "status": "capital_supported"
    },
    {
      "arrow_batch_path": {
        "accepted_row_dataclasses_avoided": true,
        "accepted_row_dataclasses_materialized": 0,
        "audit_hash": "96526afd6e72bcd7d43164e8ca8d7d276cbe940dd39c0d37fd4879526c0eaed2",
        "handoff_hash_present": true,
        "pairwise_evidence": {
          "materialized_count": 0,
          "omitted_count": 130680,
          "total_count": 130680
        },
        "result_hash": "d69be2305d1966eac6982706163583a81677f9a878995092c550efba7e3ec804",
        "timings_seconds": {
          "audit_result_materialization": 0.001052541978424415,
          "batch_construction": 0.050683332985499874,
          "handoff_normalization": 0.0009985409851651639,
          "synthetic_arrow_table_construction": 0.0028864589985460043,
          "weighting_factor_grid_aggregation_and_result": 0.04079854200244881
        },
        "tracemalloc_peak_bytes": 3229019
      },
      "capital_delta_abs": 0.0,
      "label": "fx_delta",
      "raw_row_count": 720,
      "regulatory_factor_count": 6,
      "risk_class": "FX",
      "risk_measure": "DELTA",
      "row_compatibility_path": {
        "audit_hash": "96526afd6e72bcd7d43164e8ca8d7d276cbe940dd39c0d37fd4879526c0eaed2",
        "materialized_dataclass_count": 720,
        "pairwise_evidence": {
          "materialized_count": 0,
          "omitted_count": 130680,
          "total_count": 130680
        },
        "result_hash": "d69be2305d1966eac6982706163583a81677f9a878995092c550efba7e3ec804",
        "timings_seconds": {
          "audit_result_materialization": 0.001004457997623831,
          "capital_calculation": 0.10066812500008382,
          "row_dataclass_construction": 0.006948291003936902
        },
        "tracemalloc_peak_bytes": 3256779
      },
      "status": "capital_supported"
    },
    {
      "arrow_batch_path": {
        "accepted_row_dataclasses_avoided": true,
        "accepted_row_dataclasses_materialized": 0,
        "audit_hash": "62aed59fca0d6e7b92022d126aff6f0a83b92e7181b096db806a2b7a1c058776",
        "handoff_hash_present": true,
        "pairwise_evidence": {
          "materialized_count": 0,
          "omitted_count": 125280,
          "total_count": 125280
        },
        "result_hash": "844569dc036722cf680fe4c5c9c722d2c6209caf06da968abc9297d2797e6f15",
        "timings_seconds": {
          "audit_result_materialization": 0.001128916017478332,
          "batch_construction": 0.05200325002078898,
          "handoff_normalization": 0.0009955840068869293,
          "synthetic_arrow_table_construction": 0.004098624980542809,
          "weighting_factor_grid_aggregation_and_result": 0.2990737910149619
        },
        "tracemalloc_peak_bytes": 3394865
      },
      "capital_delta_abs": 0.0,
      "label": "equity_delta",
      "raw_row_count": 720,
      "regulatory_factor_count": 720,
      "risk_class": "EQUITY",
      "risk_measure": "DELTA",
      "row_compatibility_path": {
        "audit_hash": "62aed59fca0d6e7b92022d126aff6f0a83b92e7181b096db806a2b7a1c058776",
        "materialized_dataclass_count": 720,
        "pairwise_evidence": {
          "materialized_count": 0,
          "omitted_count": 125280,
          "total_count": 125280
        },
        "result_hash": "844569dc036722cf680fe4c5c9c722d2c6209caf06da968abc9297d2797e6f15",
        "timings_seconds": {
          "audit_result_materialization": 0.0009858330013230443,
          "capital_calculation": 0.38568516698433086,
          "row_dataclass_construction": 0.008810166997136548
        },
        "tracemalloc_peak_bytes": 3448243
      },
      "status": "capital_supported"
    },
    {
      "arrow_batch_path": {
        "accepted_row_dataclasses_avoided": true,
        "accepted_row_dataclasses_materialized": 0,
        "audit_hash": "ec9b0fb6816437374bb1ec81f878fbaab48e669cca0087c3225527c5e9de0141",
        "handoff_hash_present": true,
        "pairwise_evidence": {
          "materialized_count": 0,
          "omitted_count": 156600,
          "total_count": 156600
        },
        "result_hash": "3663744cf75fa2826ff25260fa5bf8cba46b7962a4939bd324c9323bd2cfd2d7",
        "timings_seconds": {
          "audit_result_materialization": 0.0010339579894207418,
          "batch_construction": 0.06730083402362652,
          "handoff_normalization": 0.0010776669951155782,
          "synthetic_arrow_table_construction": 0.0034143330121878535,
          "weighting_factor_grid_aggregation_and_result": 0.2710762080096174
        },
        "tracemalloc_peak_bytes": 3604763
      },
      "capital_delta_abs": 0.0,
      "label": "commodity_delta",
      "raw_row_count": 720,
      "regulatory_factor_count": 60,
      "risk_class": "COMMODITY",
      "risk_measure": "DELTA",
      "row_compatibility_path": {
        "audit_hash": "ec9b0fb6816437374bb1ec81f878fbaab48e669cca0087c3225527c5e9de0141",
        "materialized_dataclass_count": 720,
        "pairwise_evidence": {
          "materialized_count": 0,
          "omitted_count": 156600,
          "total_count": 156600
        },
        "result_hash": "3663744cf75fa2826ff25260fa5bf8cba46b7962a4939bd324c9323bd2cfd2d7",
        "timings_seconds": {
          "audit_result_materialization": 0.0012359159882180393,
          "capital_calculation": 0.38764166698092595,
          "row_dataclass_construction": 0.006748042011167854
        },
        "tracemalloc_peak_bytes": 3541954
      },
      "status": "capital_supported"
    },
    {
      "arrow_batch_path": {
        "accepted_row_dataclasses_avoided": true,
        "accepted_row_dataclasses_materialized": 0,
        "audit_hash": "b0261c4fbd6f7786b254df7883922824d56f5d941ae501c734e7a5a7a1e2828c",
        "handoff_hash_present": true,
        "pairwise_evidence": {
          "materialized_count": 0,
          "omitted_count": 156600,
          "total_count": 156600
        },
        "result_hash": "23685709e53c63c0ebe330369155525ba67f52e69c95be62cac38f732d71d687",
        "timings_seconds": {
          "audit_result_materialization": 0.001063500007148832,
          "batch_construction": 0.06307766601094045,
          "handoff_normalization": 0.001101750007364899,