{
  "cases": [
    {
      "arrow_batch_path": {
        "accepted_row_dataclasses_avoided": true,
        "accepted_row_dataclasses_materialized": 0,
        "audit_hash": "5768d4563b9763a47ed9f1c691feff9625455e58dcb4862d723e5468c8cdb7f5",
        "handoff_hash_present": true,
        "pairwise_evidence": {
          "materialized_count": 0,
          "omitted_count": 260280,
          "total_count": 260280
        },
        "result_hash": "c80dd9eabdd828c8f7b0672954911155bb8b1d2185640239bc84dd511e88fd08",
        "timings_seconds": {
          "audit_result_materialization": 0.0010661249980330467,
          "batch_construction": 0.05952620800235309,
          "handoff_normalization": 0.0013277499820105731,
          "synthetic_arrow_table_construction": 0.019728582992684096,
          "weighting_factor_grid_aggregation_and_result": 1.159134332992835
        },
        "tracemalloc_peak_bytes": 5571251
      },
      "capital_delta_abs": 0.0,
      "label": "girr_vega",
      "raw_row_count": 720,
      "regulatory_factor_count": 60,
      "risk_class": "GIRR",
      "risk_measure": "VEGA",
      "row_compatibility_path": {
        "audit_hash": "5768d4563b9763a47ed9f1c691feff9625455e58dcb4862d723e5468c8cdb7f5",
        "materialized_dataclass_count": 720,
        "pairwise_evidence": {
          "materialized_count": 0,
          "omitted_count": 260280,
          "total_count": 260280
        },
        "result_hash": "c80dd9eabdd828c8f7b0672954911155bb8b1d2185640239bc84dd511e88fd08",
        "timings_seconds": {
          "audit_result_materialization": 0.0009839580161496997,
          "capital_calculation": 1.3579962079820689,
          "row_dataclass_construction": 0.006853208993561566
        },
        "tracemalloc_peak_bytes": 5504937
      },
      "status": "capital_supported"
    },
    {
      "arrow_batch_path": {
        "accepted_row_dataclasses_avoided": true,
        "accepted_row_dataclasses_materialized": 0,
        "audit_hash": "96526afd6e72bcd7d43164e8ca8d7d276cbe940dd39c0d37fd4879526c0eaed2",
        "handoff_hash_present": true,
        "pairwise_evidence": {
          "materialized_count": 0,
          "omitted_count": 130680,
          "total_count": 130680
        },
        "result_hash": "d69be2305d1966eac6982706163583a81677f9a878995092c550efba7e3ec804",
        "timings_seconds": {
          "audit_result_materialization": 0.001143416011473164,
          "batch_construction": 0.06387824998819269,
          "handoff_normalization": 0.0009946670033968985,
          "synthetic_arrow_table_construction": 0.0029879590147174895,
          "weighting_factor_grid_aggregation_and_result": 0.035003375000087544
        },
        "tracemalloc_peak_bytes": 3230037
      },
      "capital_delta_abs": 0.0,
      "label": "fx_delta",
      "raw_row_count": 720,
      "regulatory_factor_count": 6,
      "risk_class": "FX",
      "risk_measure": "DELTA",
      "row_compatibility_path": {
        "audit_hash": "96526afd6e72bcd7d43164e8ca8d7d276cbe940dd39c0d37fd4879526c0eaed2",
        "materialized_dataclass_count": 720,
        "pairwise_evidence": {
          "materialized_count": 0,
          "omitted_count": 130680,
          "total_count": 130680
        },
        "result_hash": "d69be2305d1966eac6982706163583a81677f9a878995092c550efba7e3ec804",
        "timings_seconds": {
          "audit_result_materialization": 0.0010887919925153255,
          "capital_calculation": 0.11569308300386183,
          "row_dataclass_construction": 0.0066498749947641045
        },
        "tracemalloc_peak_bytes": 3257195
      },
      "status": "capital_supported"
    },
    {
      "arrow_batch_path": {
        "accepted_row_dataclasses_avoided": true,
        "accepted_row_dataclasses_materialized": 0,
        "audit_hash": "62aed59fca0d6e7b92022d126aff6f0a83b92e7181b096db806a2b7a1c058776",
        "handoff_hash_present": true,
        "pairwise_evidence": {
          "materialized_count": 0,
          "omitted_count": 125280,
          "total_count": 125280
        },
        "result_hash": "844569dc036722cf680fe4c5c9c722d2c6209caf06da968abc9297d2797e6f15",
        "timings_seconds": {
          "audit_result_materialization": 0.0011007080029230565,
          "batch_construction": 0.0533983749919571,
          "handoff_normalization": 0.0010497079929336905,
          "synthetic_arrow_table_construction": 0.004038792016217485,
          "weighting_factor_grid_aggregation_and_result": 0.29774741700384766
        },
        "tracemalloc_peak_bytes": 3394933
      },
      "capital_delta_abs": 0.0,
      "label": "equity_delta",
      "raw_row_count": 720,
      "regulatory_factor_count": 720,
      "risk_class": "EQUITY",
      "risk_measure": "DELTA",
      "row_compatibility_path": {
        "audit_hash": "62aed59fca0d6e7b92022d126aff6f0a83b92e7181b096db806a2b7a1c058776",
        "materialized_dataclass_count": 720,
        "pairwise_evidence": {
          "materialized_count": 0,
          "omitted_count": 125280,
          "total_count": 125280
        },
        "result_hash": "844569dc036722cf680fe4c5c9c722d2c6209caf06da968abc9297d2797e6f15",
        "timings_seconds": {
          "audit_result_materialization": 0.0010519589995965362,
          "capital_calculation": 0.37836724999942817,
          "row_dataclass_construction": 0.008294917002785951
        },
        "tracemalloc_peak_bytes": 3448555
      },
      "status": "capital_supported"
    },
    {
      "arrow_batch_path": {
        "accepted_row_dataclasses_avoided": true,
        "accepted_row_dataclasses_materialized": 0,
        "audit_hash": "ec9b0fb6816437374bb1ec81f878fbaab48e669cca0087c3225527c5e9de0141",
        "handoff_hash_present": true,
        "pairwise_evidence": {
          "materialized_count": 0,
          "omitted_count": 156600,
          "total_count": 156600
        },
        "result_hash": "3663744cf75fa2826ff25260fa5bf8cba46b7962a4939bd324c9323bd2cfd2d7",
        "timings_seconds": {
          "audit_result_materialization": 0.0011081249976996332,
          "batch_construction": 0.052655542007414624,
          "handoff_normalization": 0.0010577499924693257,
          "synthetic_arrow_table_construction": 0.0031313750077970326,
          "weighting_factor_grid_aggregation_and_result": 0.26654891701764427
        },
        "tracemalloc_peak_bytes": 3604875
      },
      "capital_delta_abs": 0.0,
      "label": "commodity_delta",
      "raw_row_count": 720,
      "regulatory_factor_count": 60,
      "risk_class": "COMMODITY",
      "risk_measure": "DELTA",
      "row_compatibility_path": {
        "audit_hash": "ec9b0fb6816437374bb1ec81f878fbaab48e669cca0087c3225527c5e9de0141",
        "materialized_dataclass_count": 720,
        "pairwise_evidence": {
          "materialized_count": 0,
          "omitted_count": 156600,
          "total_count": 156600
        },
        "result_hash": "3663744cf75fa2826ff25260fa5bf8cba46b7962a4939bd324c9323bd2cfd2d7",
        "timings_seconds": {
          "audit_result_materialization": 0.0009890000219456851,
          "capital_calculation": 0.33837070799199864,
          "row_dataclass_construction": 0.006844874995294958
        },
        "tracemalloc_peak_bytes": 3542370
      },
      "status": "capital_supported"
    },
    {
      "arrow_batch_path": {
        "accepted_row_dataclasses_avoided": true,
        "accepted_row_dataclasses_materialized": 0,
        "audit_hash": "b0261c4fbd6f7786b254df7883922824d56f5d941ae501c734e7a5a7a1e2828c",
        "handoff_hash_present": true,
        "pairwise_evidence": {
          "materialized_count": 0,
          "omitted_count": 156600,
          "total_count": 156600
        },
        "result_hash": "23685709e53c63c0ebe330369155525ba67f52e69c95be62cac38f732d71d687",
        "timings_seconds": {
          "audit_result_materialization": 0.0010670420015230775,
          "batch_construction": 0.056726082984823734,
          "handoff_normalization": 0.0010585419950075448,